{
    "footprints": {
        "e77dc197317c43a7ae7dd15d8c232be4": {
            "title": "soic-8_l4.9-w3.9-p1.27-ls6.0-bl",
            "display_title": "SOIC-8_L4.9-W3.9-P1.27-LS6.0-BL",
            "description": "",
            "source": "",
            "version": 0,
            "created_at": "2023-01-11 12:58:42",
            "updated_at": "2023-01-11 20:58:42",
            "ticket": 1,
            "docType": 4,
            "createTime": 1673441922,
            "updateTime": 0,
            "project_uuid": "2022-LC-MNT-3",
            "custom_tags": "",
            "creator": {
                "uuid": null
            },
            "tags": {
                "parent_tag": [],
                "child_tag": []
            },
            "isProjectLibs": false
        },
        "c7b0962d1ec340ed8dbe7d070c7b5f55": {
            "title": "sop-8_l4.9-w3.9-p1.27-ls6.0-bl",
            "display_title": "SOP-8_L4.9-W3.9-P1.27-LS6.0-BL",
            "description": "",
            "source": "",
            "version": 0,
            "created_at": "2023-01-11 12:58:42",
            "updated_at": "2023-01-11 20:58:42",
            "ticket": 1,
            "docType": 4,
            "createTime": 1673441922,
            "updateTime": 0,
            "project_uuid": "2022-LC-MNT-3",
            "custom_tags": "",
            "creator": {
                "uuid": null
            },
            "tags": {
                "parent_tag": [],
                "child_tag": []
            },
            "isProjectLibs": false
        },
        "908c286260624b48aa900dcbecbe6efd": {
            "title": "sot-23-3_l2.9-w1.6-p1.90-ls2.8-tr-cw",
            "display_title": "SOT-23-3_L2.9-W1.6-P1.90-LS2.8-TR-CW",
            "description": "",
            "source": "",
            "version": 0,
            "created_at": "2023-01-11 12:58:42",
            "updated_at": "2023-01-11 20:58:42",
            "ticket": 1,
            "docType": 4,
            "createTime": 1673441922,
            "updateTime": 0,
            "project_uuid": "2022-LC-MNT-3",
            "custom_tags": "",
            "creator": {
                "uuid": null
            },
            "tags": {
                "parent_tag": [],
                "child_tag": []
            },
            "isProjectLibs": false
        },
        "d7236a91c42a477ca5e6b1d15ac2429d": {
            "title": "sot-23-5_l3.0-w1.7-p0.95-ls2.8-br",
            "display_title": "SOT-23-5_L3.0-W1.7-P0.95-LS2.8-BR",
            "description": "",
            "source": "",
            "version": 0,
            "created_at": "2023-01-11 12:58:42",
            "updated_at": "2023-01-11 20:58:42",
            "ticket": 1,
            "docType": 4,
            "createTime": 1673441922,
            "updateTime": 0,
            "project_uuid": "2022-LC-MNT-3",
            "custom_tags": "",
            "creator": {
                "uuid": null
            },
            "tags": {
                "parent_tag": [],
                "child_tag": []
            },
            "isProjectLibs": false
        },
        "59b9ab06202040519e6e113139c9f07a": {
            "title": "sot-23_l2.9-w1.3-p1.90-ls2.4-br",
            "display_title": "SOT-23_L2.9-W1.3-P1.90-LS2.4-BR",
            "description": "",
            "source": "",
            "version": 0,
            "created_at": "2023-01-11 12:58:42",
            "updated_at": "2023-01-11 20:58:42",
            "ticket": 1,
            "docType": 4,
            "createTime": 1673441922,
            "updateTime": 0,
            "project_uuid": "2022-LC-MNT-3",
            "custom_tags": "",
            "creator": {
                "uuid": null
            },
            "tags": {
                "parent_tag": [],
                "child_tag": []
            },
            "isProjectLibs": false
        },
        "1a48d92668e546b6b1aab41b0c02483a": {
            "title": "sot-89-3_l4.5-w2.5-p1.50-ls4.2-br",
            "display_title": "SOT-89-3_L4.5-W2.5-P1.50-LS4.2-BR",
            "description": "",
            "source": "",
            "version": 0,
            "created_at": "2023-01-11 12:58:42",
            "updated_at": "2023-01-11 20:58:42",
            "ticket": 1,
            "docType": 4,
            "createTime": 1673441922,
            "updateTime": 0,
            "project_uuid": "2022-LC-MNT-3",
            "custom_tags": "",
            "creator": {
                "uuid": null
            },
            "tags": {
                "parent_tag": [],
                "child_tag": []
            },
            "isProjectLibs": false
        },
        "7e3950f1e29a4bc89aadbda46fd591cc": {
            "title": "sw-th_sk-12d02vg3",
            "display_title": "SW-TH_SK-12D02VG3",
            "description": "",
            "source": "",
            "version": 0,
            "created_at": "2023-01-11 12:58:42",
            "updated_at": "2023-01-11 20:58:42",
            "ticket": 1,
            "docType": 4,
            "createTime": 1673441922,
            "updateTime": 0,
            "project_uuid": "2022-LC-MNT-3",
            "custom_tags": "",
            "creator": {
                "uuid": null
            },
            "tags": {
                "parent_tag": [],
                "child_tag": []
            },
            "isProjectLibs": false
        },
        "0a8bd5e53e394a46ae9cb6ea449b10c5": {
            "title": "直流电机n20_水平装配",
            "display_title": "直流电机N20_水平装配",
            "description": "",
            "source": "",
            "version": 0,
            "created_at": "2023-01-11 12:58:42",
            "updated_at": "2023-01-11 20:58:42",
            "ticket": 1,
            "docType": 4,
            "createTime": 1673441922,
            "updateTime": 0,
            "project_uuid": "2022-LC-MNT-3",
            "custom_tags": "",
            "creator": {
                "uuid": null
            },
            "tags": {
                "parent_tag": [],
                "child_tag": []
            },
            "isProjectLibs": false
        },
        "a178f10949ef4f368bc28fb815311df1": {
            "title": "10k贴片可调电阻",
            "display_title": "10K贴片可调电阻",
            "description": "",
            "source": "",
            "version": 0,
            "created_at": "2023-01-11 12:58:41",
            "updated_at": "2023-01-11 20:58:41",
            "ticket": 1,
            "docType": 4,
            "createTime": 1673441921,
            "updateTime": 0,
            "project_uuid": "2022-LC-MNT-3",
            "custom_tags": "",
            "creator": {
                "uuid": null
            },
            "tags": {
                "parent_tag": [],
                "child_tag": []
            },
            "isProjectLibs": false
        },
        "3aca3cf8033d4eae8d07a64ec3120e06": {
            "title": "bat-5aa_jx",
            "display_title": "BAT-5AA_JX",
            "description": "",
            "source": "",
            "version": 0,
            "created_at": "2023-01-11 12:58:41",
            "updated_at": "2023-01-11 20:58:41",
            "ticket": 1,
            "docType": 4,
            "createTime": 1673441921,
            "updateTime": 0,
            "project_uuid": "2022-LC-MNT-3",
            "custom_tags": "",
            "creator": {
                "uuid": null
            },
            "tags": {
                "parent_tag": [],
                "child_tag": []
            },
            "isProjectLibs": false
        },
        "fe4449b1b8f64023a67c81914291fe06": {
            "title": "buz-th_bd12.0-p7.60-d0.6-fd",
            "display_title": "BUZ-TH_BD12.0-P7.60-D0.6-FD",
            "description": "",
            "source": "",
            "version": 0,
            "created_at": "2023-01-11 12:58:41",
            "updated_at": "2023-01-11 20:58:41",
            "ticket": 1,
            "docType": 4,
            "createTime": 1673441921,
            "updateTime": 0,
            "project_uuid": "2022-LC-MNT-3",
            "custom_tags": "",
            "creator": {
                "uuid": null
            },
            "tags": {
                "parent_tag": [],
                "child_tag": []
            },
            "isProjectLibs": false
        },
        "13bed6ed71104684a0ae63c971fc56fc": {
            "title": "c0603",
            "display_title": "C0603",
            "description": "",
            "source": "",
            "version": 0,
            "created_at": "2023-01-11 12:58:41",
            "updated_at": "2023-01-11 20:58:41",
            "ticket": 1,
            "docType": 4,
            "createTime": 1673441921,
            "updateTime": 0,
            "project_uuid": "2022-LC-MNT-3",
            "custom_tags": "",
            "creator": {
                "uuid": null
            },
            "tags": {
                "parent_tag": [],
                "child_tag": []
            },
            "isProjectLibs": false
        },
        "92275bc1260c49d6b637dc9a6541be77": {
            "title": "cap-smd_l3.2-w1.6",
            "display_title": "CAP-SMD_L3.2-W1.6",
            "description": "",
            "source": "",
            "version": 0,
            "created_at": "2023-01-11 12:58:41",
            "updated_at": "2023-01-11 20:58:41",
            "ticket": 1,
            "docType": 4,
            "createTime": 1673441921,
            "updateTime": 0,
            "project_uuid": "2022-LC-MNT-3",
            "custom_tags": "",
            "creator": {
                "uuid": null
            },
            "tags": {
                "parent_tag": [],
                "child_tag": []
            },
            "isProjectLibs": false
        },
        "9c379ca92480466fb92a3ae00d3c7f07": {
            "title": "conn-th_5p-p1.50_zh-5a",
            "display_title": "CONN-TH_5P-P1.50_ZH-5A",
            "description": "",
            "source": "",
            "version": 0,
            "created_at": "2023-01-11 12:58:41",
            "updated_at": "2023-01-11 20:58:41",
            "ticket": 1,
            "docType": 4,
            "createTime": 1673441921,
            "updateTime": 0,
            "project_uuid": "2022-LC-MNT-3",
            "custom_tags": "",
            "creator": {
                "uuid": null
            },
            "tags": {
                "parent_tag": [],
                "child_tag": []
            },
            "isProjectLibs": false
        },
        "8c924f67212c4988b5d16e67074a1b22": {
            "title": "hc-hr04",
            "display_title": "HC-HR04",
            "description": "",
            "source": "",
            "version": 0,
            "created_at": "2023-01-11 12:58:41",
            "updated_at": "2023-01-11 20:58:41",
            "ticket": 1,
            "docType": 4,
            "createTime": 1673441921,
            "updateTime": 0,
            "project_uuid": "2022-LC-MNT-3",
            "custom_tags": "",
            "creator": {
                "uuid": null
            },
            "tags": {
                "parent_tag": [],
                "child_tag": []
            },
            "isProjectLibs": false
        },
        "c2530beb6adf41a2a4cc5279c655f7b4": {
            "title": "hdr-m-2.54_1x4",
            "display_title": "HDR-M-2.54_1X4",
            "description": "",
            "source": "",
            "version": 0,
            "created_at": "2023-01-11 12:58:41",
            "updated_at": "2023-01-11 20:58:41",
            "ticket": 1,
            "docType": 4,
            "createTime": 1673441921,
            "updateTime": 0,
            "project_uuid": "2022-LC-MNT-3",
            "custom_tags": "",
            "creator": {
                "uuid": null
            },
            "tags": {
                "parent_tag": [],
                "child_tag": []
            },
            "isProjectLibs": false
        },
        "c9c91ef451b445e8af03ce9284866840": {
            "title": "hdr-m-2.54_1x5",
            "display_title": "HDR-M-2.54_1X5",
            "description": "",
            "source": "",
            "version": 0,
            "created_at": "2023-01-11 12:58:41",
            "updated_at": "2023-01-11 20:58:41",
            "ticket": 1,
            "docType": 4,
            "createTime": 1673441921,
            "updateTime": 0,
            "project_uuid": "2022-LC-MNT-3",
            "custom_tags": "",
            "creator": {
                "uuid": null
            },
            "tags": {
                "parent_tag": [],
                "child_tag": []
            },
            "isProjectLibs": false
        },
        "b6acb6e6f7294a01b73ae94a11781d3f": {
            "title": "led-th-5mm_p2.54-l",
            "display_title": "LED-TH-5MM_P2.54-L",
            "description": "",
            "source": "",
            "version": 0,
            "created_at": "2023-01-11 12:58:41",
            "updated_at": "2023-01-11 20:58:41",
            "ticket": 1,
            "docType": 4,
            "createTime": 1673441921,
            "updateTime": 0,
            "project_uuid": "2022-LC-MNT-3",
            "custom_tags": "",
            "creator": {
                "uuid": null
            },
            "tags": {
                "parent_tag": [],
                "child_tag": []
            },
            "isProjectLibs": false
        },
        "b08671abf177485c8429209bd06fb266": {
            "title": "led0603_green",
            "display_title": "LED0603_GREEN",
            "description": "",
            "source": "",
            "version": 0,
            "created_at": "2023-01-11 12:58:41",
            "updated_at": "2023-01-11 20:58:41",
            "ticket": 1,
            "docType": 4,
            "createTime": 1673441921,
            "updateTime": 0,
            "project_uuid": "2022-LC-MNT-3",
            "custom_tags": "",
            "creator": {
                "uuid": null
            },
            "tags": {
                "parent_tag": [],
                "child_tag": []
            },
            "isProjectLibs": false
        },
        "1a822b72b33742078e5fc99155901bf7": {
            "title": "led0603_red",
            "display_title": "LED0603_RED",
            "description": "",
            "source": "",
            "version": 0,
            "created_at": "2023-01-11 12:58:41",
            "updated_at": "2023-01-11 20:58:41",
            "ticket": 1,
            "docType": 4,
            "createTime": 1673441921,
            "updateTime": 0,
            "project_uuid": "2022-LC-MNT-3",
            "custom_tags": "",
            "creator": {
                "uuid": null
            },
            "tags": {
                "parent_tag": [],
                "child_tag": []
            },
            "isProjectLibs": false
        },
        "bc5268fbcc39442ba68054fd598169b5": {
            "title": "lqfp-48_l7.0-w7.0-p0.50-ls9.0-bl",
            "display_title": "LQFP-48_L7.0-W7.0-P0.50-LS9.0-BL",
            "description": "",
            "source": "",
            "version": 0,
            "created_at": "2023-01-11 12:58:41",
            "updated_at": "2023-01-11 20:58:41",
            "ticket": 1,
            "docType": 4,
            "createTime": 1673441921,
            "updateTime": 0,
            "project_uuid": "2022-LC-MNT-3",
            "custom_tags": "",
            "creator": {
                "uuid": null
            },
            "tags": {
                "parent_tag": [],
                "child_tag": []
            },
            "isProjectLibs": false
        },
        "f88ab94d28dd4d2da48026410e5dc191": {
            "title": "m3铜柱",
            "display_title": "M3铜柱",
            "description": "",
            "source": "",
            "version": 0,
            "created_at": "2023-01-11 12:58:41",
            "updated_at": "2023-01-11 20:58:41",
            "ticket": 1,
            "docType": 4,
            "createTime": 1673441921,
            "updateTime": 0,
            "project_uuid": "2022-LC-MNT-3",
            "custom_tags": "",
            "creator": {
                "uuid": null
            },
            "tags": {
                "parent_tag": [],
                "child_tag": []
            },
            "isProjectLibs": false
        },
        "167bc10c24b24a95920656b886c9dcf4": {
            "title": "opto-th_itr9909",
            "display_title": "OPTO-TH_ITR9909",
            "description": "",
            "source": "",
            "version": 0,
            "created_at": "2023-01-11 12:58:41",
            "updated_at": "2023-01-11 20:58:41",
            "ticket": 1,
            "docType": 4,
            "createTime": 1673441921,
            "updateTime": 0,
            "project_uuid": "2022-LC-MNT-3",
            "custom_tags": "",
            "creator": {
                "uuid": null
            },
            "tags": {
                "parent_tag": [],
                "child_tag": []
            },
            "isProjectLibs": false
        },
        "0c18b6c0190d47f5bae2ad77e1d5f105": {
            "title": "osc-smd_l5.0-w3.2",
            "display_title": "OSC-SMD_L5.0-W3.2",
            "description": "",
            "source": "",
            "version": 0,
            "created_at": "2023-01-11 12:58:41",
            "updated_at": "2023-01-11 20:58:41",
            "ticket": 1,
            "docType": 4,
            "createTime": 1673441921,
            "updateTime": 0,
            "project_uuid": "2022-LC-MNT-3",
            "custom_tags": "",
            "creator": {
                "uuid": null
            },
            "tags": {
                "parent_tag": [],
                "child_tag": []
            },
            "isProjectLibs": false
        },
        "f944ab4b43a3404796fd83a240653f44": {
            "title": "qfn-24_l4.0-w4.0-p0.50-bl-mpu-6050",
            "display_title": "QFN-24_L4.0-W4.0-P0.50-BL-MPU-6050",
            "description": "",
            "source": "",
            "version": 0,
            "created_at": "2023-01-11 12:58:41",
            "updated_at": "2023-01-11 20:58:41",
            "ticket": 1,
            "docType": 4,
            "createTime": 1673441921,
            "updateTime": 0,
            "project_uuid": "2022-LC-MNT-3",
            "custom_tags": "",
            "creator": {
                "uuid": null
            },
            "tags": {
                "parent_tag": [],
                "child_tag": []
            },
            "isProjectLibs": false
        },
        "a9660199d0a748a685d6de69fbf1dff9": {
            "title": "r0603",
            "display_title": "R0603",
            "description": "",
            "source": "",
            "version": 0,
            "created_at": "2023-01-11 12:58:41",
            "updated_at": "2023-01-11 20:58:41",
            "ticket": 1,
            "docType": 4,
            "createTime": 1673441921,
            "updateTime": 0,
            "project_uuid": "2022-LC-MNT-3",
            "custom_tags": "",
            "creator": {
                "uuid": null
            },
            "tags": {
                "parent_tag": [],
                "child_tag": []
            },
            "isProjectLibs": false
        },
        "1cb9ea501dc24f2699adafbd0fb7c359": {
            "title": "sod-123fl_l2.6-w1.6-ls3.4-rd",
            "display_title": "SOD-123FL_L2.6-W1.6-LS3.4-RD",
            "description": "",
            "source": "",
            "version": 0,
            "created_at": "2023-01-11 12:58:41",
            "updated_at": "2023-01-11 20:58:41",
            "ticket": 1,
            "docType": 4,
            "createTime": 1673441921,
            "updateTime": 0,
            "project_uuid": "2022-LC-MNT-3",
            "custom_tags": "",
            "creator": {
                "uuid": null
            },
            "tags": {
                "parent_tag": [],
                "child_tag": []
            },
            "isProjectLibs": false
        }
    }
}