{
    "footprints": {
        "2e8703dcdc2c4410bbb221b2601d987f": {
            "title": "r0805",
            "display_title": "R0805",
            "description": "",
            "source": "",
            "version": 0,
            "created_at": "2023-01-07 01:59:01",
            "updated_at": "2023-01-07 09:59:01",
            "ticket": 1,
            "docType": 4,
            "createTime": 1673056741,
            "updateTime": 0,
            "project_uuid": "2022-LC-MNT-1",
            "custom_tags": "",
            "creator": {
                "uuid": null
            },
            "tags": {
                "parent_tag": [],
                "child_tag": []
            },
            "isProjectLibs": false
        },
        "b7e36203941c4c50a561bdd5a2db0b2b": {
            "title": "soic-14",
            "display_title": "SOIC-14",
            "description": "",
            "source": "",
            "version": 0,
            "created_at": "2023-01-07 01:59:01",
            "updated_at": "2023-01-07 09:59:01",
            "ticket": 1,
            "docType": 4,
            "createTime": 1673056741,
            "updateTime": 0,
            "project_uuid": "2022-LC-MNT-1",
            "custom_tags": "",
            "creator": {
                "uuid": null
            },
            "tags": {
                "parent_tag": [],
                "child_tag": []
            },
            "isProjectLibs": false
        },
        "7ebf7874366d4ef4a61e02004905cf6b": {
            "title": "sop-16",
            "display_title": "SOP-16",
            "description": "",
            "source": "",
            "version": 0,
            "created_at": "2023-01-07 01:59:01",
            "updated_at": "2023-01-07 09:59:01",
            "ticket": 1,
            "docType": 4,
            "createTime": 1673056741,
            "updateTime": 0,
            "project_uuid": "2022-LC-MNT-1",
            "custom_tags": "",
            "creator": {
                "uuid": null
            },
            "tags": {
                "parent_tag": [],
                "child_tag": []
            },
            "isProjectLibs": false
        },
        "a3d4f0d66b5849dd85d5ee8c5f05319f": {
            "title": "sop-8",
            "display_title": "SOP-8",
            "description": "",
            "source": "",
            "version": 0,
            "created_at": "2023-01-07 01:59:01",
            "updated_at": "2023-01-07 09:59:01",
            "ticket": 1,
            "docType": 4,
            "createTime": 1673056741,
            "updateTime": 0,
            "project_uuid": "2022-LC-MNT-1",
            "custom_tags": "",
            "creator": {
                "uuid": null
            },
            "tags": {
                "parent_tag": [],
                "child_tag": []
            },
            "isProjectLibs": false
        },
        "549a6d1eb67b4f908fb2eac02c28b618": {
            "title": "sot-23-3",
            "display_title": "SOT-23-3",
            "description": "",
            "source": "",
            "version": 0,
            "created_at": "2023-01-07 01:59:01",
            "updated_at": "2023-01-07 09:59:01",
            "ticket": 1,
            "docType": 4,
            "createTime": 1673056741,
            "updateTime": 0,
            "project_uuid": "2022-LC-MNT-1",
            "custom_tags": "",
            "creator": {
                "uuid": null
            },
            "tags": {
                "parent_tag": [],
                "child_tag": []
            },
            "isProjectLibs": false
        },
        "c2c3e6f8c9d940d299d07111c8bc5a78": {
            "title": "sw-smd_4p",
            "display_title": "SW-SMD_4P",
            "description": "",
            "source": "",
            "version": 0,
            "created_at": "2023-01-07 01:59:01",
            "updated_at": "2023-01-07 09:59:01",
            "ticket": 1,
            "docType": 4,
            "createTime": 1673056741,
            "updateTime": 0,
            "project_uuid": "2022-LC-MNT-1",
            "custom_tags": "",
            "creator": {
                "uuid": null
            },
            "tags": {
                "parent_tag": [],
                "child_tag": []
            },
            "isProjectLibs": false
        },
        "e2636f7b466442dda1fbd0ca8470158e": {
            "title": "usb-b",
            "display_title": "USB-B",
            "description": "",
            "source": "",
            "version": 0,
            "created_at": "2023-01-07 01:59:01",
            "updated_at": "2023-01-07 09:59:01",
            "ticket": 1,
            "docType": 4,
            "createTime": 1673056741,
            "updateTime": 0,
            "project_uuid": "2022-LC-MNT-1",
            "custom_tags": "",
            "creator": {
                "uuid": null
            },
            "tags": {
                "parent_tag": [],
                "child_tag": []
            },
            "isProjectLibs": false
        },
        "211c07f2b1be4203a93fb1bc8e7952e4": {
            "title": "xtal-dt38",
            "display_title": "XTAL-DT38",
            "description": "",
            "source": "",
            "version": 0,
            "created_at": "2023-01-07 01:59:01",
            "updated_at": "2023-01-07 09:59:01",
            "ticket": 1,
            "docType": 4,
            "createTime": 1673056741,
            "updateTime": 0,
            "project_uuid": "2022-LC-MNT-1",
            "custom_tags": "",
            "creator": {
                "uuid": null
            },
            "tags": {
                "parent_tag": [],
                "child_tag": []
            },
            "isProjectLibs": false
        },
        "56ee7fd1159e4be2b3a6d8761ddf587e": {
            "title": "bat-cr1220",
            "display_title": "BAT-CR1220",
            "description": "",
            "source": "",
            "version": 0,
            "created_at": "2023-01-07 01:59:00",
            "updated_at": "2023-01-07 09:59:00",
            "ticket": 1,
            "docType": 4,
            "createTime": 1673056740,
            "updateTime": 0,
            "project_uuid": "2022-LC-MNT-1",
            "custom_tags": "",
            "creator": {
                "uuid": null
            },
            "tags": {
                "parent_tag": [],
                "child_tag": []
            },
            "isProjectLibs": false
        },
        "13f24af834aa4e3393d458961d216049": {
            "title": "buzz",
            "display_title": "BUZZ",
            "description": "",
            "source": "",
            "version": 0,
            "created_at": "2023-01-07 01:59:00",
            "updated_at": "2023-01-07 09:59:00",
            "ticket": 1,
            "docType": 4,
            "createTime": 1673056740,
            "updateTime": 0,
            "project_uuid": "2022-LC-MNT-1",
            "custom_tags": "",
            "creator": {
                "uuid": null
            },
            "tags": {
                "parent_tag": [],
                "child_tag": []
            },
            "isProjectLibs": false
        },
        "b553ce358588413082e2db50e77836dc": {
            "title": "c0805",
            "display_title": "C0805",
            "description": "",
            "source": "",
            "version": 0,
            "created_at": "2023-01-07 01:59:00",
            "updated_at": "2023-01-07 09:59:00",
            "ticket": 1,
            "docType": 4,
            "createTime": 1673056740,
            "updateTime": 0,
            "project_uuid": "2022-LC-MNT-1",
            "custom_tags": "",
            "creator": {
                "uuid": null
            },
            "tags": {
                "parent_tag": [],
                "child_tag": []
            },
            "isProjectLibs": false
        },
        "cb31bf283fb94e3a937a433ee73db27f": {
            "title": "cap",
            "display_title": "CAP",
            "description": "",
            "source": "",
            "version": 0,
            "created_at": "2023-01-07 01:59:00",
            "updated_at": "2023-01-07 09:59:00",
            "ticket": 1,
            "docType": 4,
            "createTime": 1673056740,
            "updateTime": 0,
            "project_uuid": "2022-LC-MNT-1",
            "custom_tags": "",
            "creator": {
                "uuid": null
            },
            "tags": {
                "parent_tag": [],
                "child_tag": []
            },
            "isProjectLibs": false
        },
        "3cb8ba76570b41969f9f0e2c0196df2a": {
            "title": "diode",
            "display_title": "DIODE",
            "description": "",
            "source": "",
            "version": 0,
            "created_at": "2023-01-07 01:59:00",
            "updated_at": "2023-01-07 09:59:00",
            "ticket": 1,
            "docType": 4,
            "createTime": 1673056740,
            "updateTime": 0,
            "project_uuid": "2022-LC-MNT-1",
            "custom_tags": "",
            "creator": {
                "uuid": null
            },
            "tags": {
                "parent_tag": [],
                "child_tag": []
            },
            "isProjectLibs": false
        },
        "cdde84dc72da4e83b8a2c01478c3a5dd": {
            "title": "hdr-f-2.54_1x3",
            "display_title": "HDR-F-2.54_1X3",
            "description": "",
            "source": "",
            "version": 0,
            "created_at": "2023-01-07 01:59:00",
            "updated_at": "2023-01-07 09:59:00",
            "ticket": 1,
            "docType": 4,
            "createTime": 1673056740,
            "updateTime": 0,
            "project_uuid": "2022-LC-MNT-1",
            "custom_tags": "",
            "creator": {
                "uuid": null
            },
            "tags": {
                "parent_tag": [],
                "child_tag": []
            },
            "isProjectLibs": false
        },
        "7ebdd360709d4473be91acee7b5926af": {
            "title": "led-seg",
            "display_title": "LED-SEG",
            "description": "",
            "source": "",
            "version": 0,
            "created_at": "2023-01-07 01:59:00",
            "updated_at": "2023-01-07 09:59:00",
            "ticket": 1,
            "docType": 4,
            "createTime": 1673056740,
            "updateTime": 0,
            "project_uuid": "2022-LC-MNT-1",
            "custom_tags": "",
            "creator": {
                "uuid": null
            },
            "tags": {
                "parent_tag": [],
                "child_tag": []
            },
            "isProjectLibs": false
        },
        "e3d8aa0c1fd848279246683058b0c229": {
            "title": "led0805",
            "display_title": "LED0805",
            "description": "",
            "source": "",
            "version": 0,
            "created_at": "2023-01-07 01:59:00",
            "updated_at": "2023-01-07 09:59:00",
            "ticket": 1,
            "docType": 4,
            "createTime": 1673056740,
            "updateTime": 0,
            "project_uuid": "2022-LC-MNT-1",
            "custom_tags": "",
            "creator": {
                "uuid": null
            },
            "tags": {
                "parent_tag": [],
                "child_tag": []
            },
            "isProjectLibs": false
        },
        "9ffd0504f71f4ff8a71bb59b82e23f70": {
            "title": "qfp-lqfp-44",
            "display_title": "QFP-LQFP-44",
            "description": "",
            "source": "",
            "version": 0,
            "created_at": "2023-01-07 01:59:00",
            "updated_at": "2023-01-07 09:59:00",
            "ticket": 1,
            "docType": 4,
            "createTime": 1673056740,
            "updateTime": 0,
            "project_uuid": "2022-LC-MNT-1",
            "custom_tags": "",
            "creator": {
                "uuid": null
            },
            "tags": {
                "parent_tag": [],
                "child_tag": []
            },
            "isProjectLibs": false
        }
    }
}