{
    "footprints": {
        "30abc3403b10421f89e7bd2404f93cc5": {
            "title": "buz-th_bd12.0-p7.60-d0.6-fd",
            "display_title": "BUZ-TH_BD12.0-P7.60-D0.6-FD",
            "description": "",
            "source": "",
            "version": 0,
            "created_at": "2023-01-03 12:50:42",
            "updated_at": "2023-01-03 20:50:42",
            "ticket": 1,
            "docType": 4,
            "createTime": 1672750242,
            "updateTime": 0,
            "project_uuid": "2022年第十三届立创EDA出品模拟题一",
            "custom_tags": "",
            "creator": {
                "uuid": null
            },
            "tags": {
                "parent_tag": [],
                "child_tag": []
            },
            "isProjectLibs": false
        },
        "9ae4f43339d94aa28a153af82e838c9e": {
            "title": "c0805",
            "display_title": "C0805",
            "description": "",
            "source": "",
            "version": 0,
            "created_at": "2023-01-03 12:50:42",
            "updated_at": "2023-01-03 20:50:42",
            "ticket": 1,
            "docType": 4,
            "createTime": 1672750242,
            "updateTime": 0,
            "project_uuid": "2022年第十三届立创EDA出品模拟题一",
            "custom_tags": "",
            "creator": {
                "uuid": null
            },
            "tags": {
                "parent_tag": [],
                "child_tag": []
            },
            "isProjectLibs": false
        },
        "d1af5e2a2bfe461787675ec04f3467d3": {
            "title": "cap-th_bd5.0-p2.00-d0.8-fd",
            "display_title": "CAP-TH_BD5.0-P2.00-D0.8-FD",
            "description": "",
            "source": "",
            "version": 0,
            "created_at": "2023-01-03 12:50:42",
            "updated_at": "2023-01-03 20:50:42",
            "ticket": 1,
            "docType": 4,
            "createTime": 1672750242,
            "updateTime": 0,
            "project_uuid": "2022年第十三届立创EDA出品模拟题一",
            "custom_tags": "",
            "creator": {
                "uuid": null
            },
            "tags": {
                "parent_tag": [],
                "child_tag": []
            },
            "isProjectLibs": false
        },
        "60c2d27d737f491b93c75a8fdd9d36c8": {
            "title": "cap-th_l5.0-w2.5-p2.54-d0.7",
            "display_title": "CAP-TH_L5.0-W2.5-P2.54-D0.7",
            "description": "",
            "source": "",
            "version": 0,
            "created_at": "2023-01-03 12:50:42",
            "updated_at": "2023-01-03 20:50:42",
            "ticket": 1,
            "docType": 4,
            "createTime": 1672750242,
            "updateTime": 0,
            "project_uuid": "2022年第十三届立创EDA出品模拟题一",
            "custom_tags": "",
            "creator": {
                "uuid": null
            },
            "tags": {
                "parent_tag": [],
                "child_tag": []
            },
            "isProjectLibs": false
        },
        "7ad91d5b06ed43a1ad3ca0e586ae4f5b": {
            "title": "cap-th_l7.0-w3.0-p5.00-d0.9",
            "display_title": "CAP-TH_L7.0-W3.0-P5.00-D0.9",
            "description": "",
            "source": "",
            "version": 0,
            "created_at": "2023-01-03 12:50:42",
            "updated_at": "2023-01-03 20:50:42",
            "ticket": 1,
            "docType": 4,
            "createTime": 1672750242,
            "updateTime": 0,
            "project_uuid": "2022年第十三届立创EDA出品模拟题一",
            "custom_tags": "",
            "creator": {
                "uuid": null
            },
            "tags": {
                "parent_tag": [],
                "child_tag": []
            },
            "isProjectLibs": false
        },
        "473622cdaab94bb08bfd558688edd72f": {
            "title": "dip-40_l52.0-w13.7-p2.54-ls15.2-bl",
            "display_title": "DIP-40_L52.0-W13.7-P2.54-LS15.2-BL",
            "description": "",
            "source": "",
            "version": 0,
            "created_at": "2023-01-03 12:50:42",
            "updated_at": "2023-01-03 20:50:42",
            "ticket": 1,
            "docType": 4,
            "createTime": 1672750242,
            "updateTime": 0,
            "project_uuid": "2022年第十三届立创EDA出品模拟题一",
            "custom_tags": "",
            "creator": {
                "uuid": null
            },
            "tags": {
                "parent_tag": [],
                "child_tag": []
            },
            "isProjectLibs": false
        },
        "839ab53a86cc46c9bb06d8001539ba81": {
            "title": "do-35_bd2.0-l4.0-p8.00-d0.5-fd",
            "display_title": "DO-35_BD2.0-L4.0-P8.00-D0.5-FD",
            "description": "",
            "source": "",
            "version": 0,
            "created_at": "2023-01-03 12:50:42",
            "updated_at": "2023-01-03 20:50:42",
            "ticket": 1,
            "docType": 4,
            "createTime": 1672750242,
            "updateTime": 0,
            "project_uuid": "2022年第十三届立创EDA出品模拟题一",
            "custom_tags": "",
            "creator": {
                "uuid": null
            },
            "tags": {
                "parent_tag": [],
                "child_tag": []
            },
            "isProjectLibs": false
        },
        "ba72238e98e64ca288342a8793c6304b": {
            "title": "hc-49us_l11.5-w4.5-p4.88",
            "display_title": "HC-49US_L11.5-W4.5-P4.88",
            "description": "",
            "source": "",
            "version": 0,
            "created_at": "2023-01-03 12:50:42",
            "updated_at": "2023-01-03 20:50:42",
            "ticket": 1,
            "docType": 4,
            "createTime": 1672750242,
            "updateTime": 0,
            "project_uuid": "2022年第十三届立创EDA出品模拟题一",
            "custom_tags": "",
            "creator": {
                "uuid": null
            },
            "tags": {
                "parent_tag": [],
                "child_tag": []
            },
            "isProjectLibs": false
        },
        "39095df30c7d46c7a884d28b207fbba4": {
            "title": "hdr-m-2.54_1x20",
            "display_title": "HDR-M-2.54_1X20",
            "description": "",
            "source": "",
            "version": 0,
            "created_at": "2023-01-03 12:50:42",
            "updated_at": "2023-01-03 20:50:42",
            "ticket": 1,
            "docType": 4,
            "createTime": 1672750242,
            "updateTime": 0,
            "project_uuid": "2022年第十三届立创EDA出品模拟题一",
            "custom_tags": "",
            "creator": {
                "uuid": null
            },
            "tags": {
                "parent_tag": [],
                "child_tag": []
            },
            "isProjectLibs": false
        },
        "c55b3419c08548b08a074cc3278cc925": {
            "title": "key-smd_4p-l6.0-w6.0-p3.90-ls10.0",
            "display_title": "KEY-SMD_4P-L6.0-W6.0-P3.90-LS10.0",
            "description": "",
            "source": "",
            "version": 0,
            "created_at": "2023-01-03 12:50:42",
            "updated_at": "2023-01-03 20:50:42",
            "ticket": 1,
            "docType": 4,
            "createTime": 1672750242,
            "updateTime": 0,
            "project_uuid": "2022年第十三届立创EDA出品模拟题一",
            "custom_tags": "",
            "creator": {
                "uuid": null
            },
            "tags": {
                "parent_tag": [],
                "child_tag": []
            },
            "isProjectLibs": false
        },
        "f0fcd2629a704bfa9f2229539d34cd58": {
            "title": "lcd1602",
            "display_title": "LCD1602",
            "description": "",
            "source": "",
            "version": 0,
            "created_at": "2023-01-03 12:50:42",
            "updated_at": "2023-01-03 20:50:42",
            "ticket": 1,
            "docType": 4,
            "createTime": 1672750242,
            "updateTime": 0,
            "project_uuid": "2022年第十三届立创EDA出品模拟题一",
            "custom_tags": "",
            "creator": {
                "uuid": null
            },
            "tags": {
                "parent_tag": [],
                "child_tag": []
            },
            "isProjectLibs": false
        },
        "d624f74ab3de442ab10a220fb1ef95b3": {
            "title": "led-th_bd3.0_blue",
            "display_title": "LED-TH_BD3.0_BLUE",
            "description": "",
            "source": "",
            "version": 0,
            "created_at": "2023-01-03 12:50:42",
            "updated_at": "2023-01-03 20:50:42",
            "ticket": 1,
            "docType": 4,
            "createTime": 1672750242,
            "updateTime": 0,
            "project_uuid": "2022年第十三届立创EDA出品模拟题一",
            "custom_tags": "",
            "creator": {
                "uuid": null
            },
            "tags": {
                "parent_tag": [],
                "child_tag": []
            },
            "isProjectLibs": false
        },
        "f527924d5863469bba906c36ec923a26": {
            "title": "led-th_bd3.0_green",
            "display_title": "LED-TH_BD3.0_GREEN",
            "description": "",
            "source": "",
            "version": 0,
            "created_at": "2023-01-03 12:50:42",
            "updated_at": "2023-01-03 20:50:42",
            "ticket": 1,
            "docType": 4,
            "createTime": 1672750242,
            "updateTime": 0,
            "project_uuid": "2022年第十三届立创EDA出品模拟题一",
            "custom_tags": "",
            "creator": {
                "uuid": null
            },
            "tags": {
                "parent_tag": [],
                "child_tag": []
            },
            "isProjectLibs": false
        },
        "e7890aee5a8240eabb7851cd41dfb82b": {
            "title": "led-th_bd3.0_red",
            "display_title": "LED-TH_BD3.0_RED",
            "description": "",
            "source": "",
            "version": 0,
            "created_at": "2023-01-03 12:50:42",
            "updated_at": "2023-01-03 20:50:42",
            "ticket": 1,
            "docType": 4,
            "createTime": 1672750242,
            "updateTime": 0,
            "project_uuid": "2022年第十三届立创EDA出品模拟题一",
            "custom_tags": "",
            "creator": {
                "uuid": null
            },
            "tags": {
                "parent_tag": [],
                "child_tag": []
            },
            "isProjectLibs": false
        },
        "fb6fe1e1173c4c0bb5a56e8fa881ca79": {
            "title": "led0805",
            "display_title": "LED0805",
            "description": "",
            "source": "",
            "version": 0,
            "created_at": "2023-01-03 12:50:42",
            "updated_at": "2023-01-03 20:50:42",
            "ticket": 1,
            "docType": 4,
            "createTime": 1672750242,
            "updateTime": 0,
            "project_uuid": "2022年第十三届立创EDA出品模拟题一",
            "custom_tags": "",
            "creator": {
                "uuid": null
            },
            "tags": {
                "parent_tag": [],
                "child_tag": []
            },
            "isProjectLibs": false
        },
        "faec734eb37f4715a589ed1e7135cb70": {
            "title": "led0805_blue",
            "display_title": "LED0805_BLUE",
            "description": "",
            "source": "",
            "version": 0,
            "created_at": "2023-01-03 12:50:42",
            "updated_at": "2023-01-03 20:50:42",
            "ticket": 1,
            "docType": 4,
            "createTime": 1672750242,
            "updateTime": 0,
            "project_uuid": "2022年第十三届立创EDA出品模拟题一",
            "custom_tags": "",
            "creator": {
                "uuid": null
            },
            "tags": {
                "parent_tag": [],
                "child_tag": []
            },
            "isProjectLibs": false
        },
        "0048d237adf94a98b819de5d5ea54985": {
            "title": "led0805_green",
            "display_title": "LED0805_GREEN",
            "description": "",
            "source": "",
            "version": 0,
            "created_at": "2023-01-03 12:50:42",
            "updated_at": "2023-01-03 20:50:42",
            "ticket": 1,
            "docType": 4,
            "createTime": 1672750242,
            "updateTime": 0,
            "project_uuid": "2022年第十三届立创EDA出品模拟题一",
            "custom_tags": "",
            "creator": {
                "uuid": null
            },
            "tags": {
                "parent_tag": [],
                "child_tag": []
            },
            "isProjectLibs": false
        },
        "a754c376f49e4c6997d19082a551b4c8": {
            "title": "micro-usb-smd_5p_c40957",
            "display_title": "MICRO-USB-SMD_5P_C40957",
            "description": "",
            "source": "",
            "version": 0,
            "created_at": "2023-01-03 12:50:42",
            "updated_at": "2023-01-03 20:50:42",
            "ticket": 1,
            "docType": 4,
            "createTime": 1672750242,
            "updateTime": 0,
            "project_uuid": "2022年第十三届立创EDA出品模拟题一",
            "custom_tags": "",
            "creator": {
                "uuid": null
            },
            "tags": {
                "parent_tag": [],
                "child_tag": []
            },
            "isProjectLibs": false
        },
        "6f4f7c04e0734a5f9cbfa20429246bf8": {
            "title": "r0805",
            "display_title": "R0805",
            "description": "",
            "source": "",
            "version": 0,
            "created_at": "2023-01-03 12:50:42",
            "updated_at": "2023-01-03 20:50:42",
            "ticket": 1,
            "docType": 4,
            "createTime": 1672750242,
            "updateTime": 0,
            "project_uuid": "2022年第十三届立创EDA出品模拟题一",
            "custom_tags": "",
            "creator": {
                "uuid": null
            },
            "tags": {
                "parent_tag": [],
                "child_tag": []
            },
            "isProjectLibs": false
        },
        "6e94761512b74511abc561ed62d83347": {
            "title": "res-adj-th_3296w",
            "display_title": "RES-ADJ-TH_3296W",
            "description": "",
            "source": "",
            "version": 0,
            "created_at": "2023-01-03 12:50:42",
            "updated_at": "2023-01-03 20:50:42",
            "ticket": 1,
            "docType": 4,
            "createTime": 1672750242,
            "updateTime": 0,
            "project_uuid": "2022年第十三届立创EDA出品模拟题一",
            "custom_tags": "",
            "creator": {
                "uuid": null
            },
            "tags": {
                "parent_tag": [],
                "child_tag": []
            },
            "isProjectLibs": false
        },
        "22033f1db3a0433b8a20acac72d68c7d": {
            "title": "res-array-th_9p-p2.54-d1.0",
            "display_title": "RES-ARRAY-TH_9P-P2.54-D1.0",
            "description": "",
            "source": "",
            "version": 0,
            "created_at": "2023-01-03 12:50:42",
            "updated_at": "2023-01-03 20:50:42",
            "ticket": 1,
            "docType": 4,
            "createTime": 1672750242,
            "updateTime": 0,
            "project_uuid": "2022年第十三届立创EDA出品模拟题一",
            "custom_tags": "",
            "creator": {
                "uuid": null
            },
            "tags": {
                "parent_tag": [],
                "child_tag": []
            },
            "isProjectLibs": false
        },
        "6dd7f7cf94454fdba5c43bd330a9edc6": {
            "title": "res-th_bd2.4-l6.3-p10.30-d0.6",
            "display_title": "RES-TH_BD2.4-L6.3-P10.30-D0.6",
            "description": "",
            "source": "",
            "version": 0,
            "created_at": "2023-01-03 12:50:42",
            "updated_at": "2023-01-03 20:50:42",
            "ticket": 1,
            "docType": 4,
            "createTime": 1672750242,
            "updateTime": 0,
            "project_uuid": "2022年第十三届立创EDA出品模拟题一",
            "custom_tags": "",
            "creator": {
                "uuid": null
            },
            "tags": {
                "parent_tag": [],
                "child_tag": []
            },
            "isProjectLibs": false
        },
        "79b3b6ad51f14e73a5f0aa8b40bd4da4": {
            "title": "sensor-th_dht11",
            "display_title": "SENSOR-TH_DHT11",
            "description": "",
            "source": "",
            "version": 0,
            "created_at": "2023-01-03 12:50:42",
            "updated_at": "2023-01-03 20:50:42",
            "ticket": 1,
            "docType": 4,
            "createTime": 1672750242,
            "updateTime": 0,
            "project_uuid": "2022年第十三届立创EDA出品模拟题一",
            "custom_tags": "",
            "creator": {
                "uuid": null
            },
            "tags": {
                "parent_tag": [],
                "child_tag": []
            },
            "isProjectLibs": false
        },
        "048cc5649a2e4ff3874443f481c40f88": {
            "title": "soic-16_l9.9-w3.9-p1.27-ls6.0-bl",
            "display_title": "SOIC-16_L9.9-W3.9-P1.27-LS6.0-BL",
            "description": "",
            "source": "",
            "version": 0,
            "created_at": "2023-01-03 12:50:42",
            "updated_at": "2023-01-03 20:50:42",
            "ticket": 1,
            "docType": 4,
            "createTime": 1672750242,
            "updateTime": 0,
            "project_uuid": "2022年第十三届立创EDA出品模拟题一",
            "custom_tags": "",
            "creator": {
                "uuid": null
            },
            "tags": {
                "parent_tag": [],
                "child_tag": []
            },
            "isProjectLibs": false
        },
        "835cb1c4285d463db023ccc8f3396b68": {
            "title": "sop-16_l10.0-w3.9-p1.27-ls6.0-bl",
            "display_title": "SOP-16_L10.0-W3.9-P1.27-LS6.0-BL",
            "description": "",
            "source": "",
            "version": 0,
            "created_at": "2023-01-03 12:50:42",
            "updated_at": "2023-01-03 20:50:42",
            "ticket": 1,
            "docType": 4,
            "createTime": 1672750242,
            "updateTime": 0,
            "project_uuid": "2022年第十三届立创EDA出品模拟题一",
            "custom_tags": "",
            "creator": {
                "uuid": null
            },
            "tags": {
                "parent_tag": [],
                "child_tag": []
            },
            "isProjectLibs": false
        },
        "121830f9b0c04bdd89b296b12d21efda": {
            "title": "sw-th_ss-12d02-vg4",
            "display_title": "SW-TH_SS-12D02-VG4",
            "description": "",
            "source": "",
            "version": 0,
            "created_at": "2023-01-03 12:50:42",
            "updated_at": "2023-01-03 20:50:42",
            "ticket": 1,
            "docType": 4,
            "createTime": 1672750242,
            "updateTime": 0,
            "project_uuid": "2022年第十三届立创EDA出品模拟题一",
            "custom_tags": "",
            "creator": {
                "uuid": null
            },
            "tags": {
                "parent_tag": [],
                "child_tag": []
            },
            "isProjectLibs": false
        },
        "50603b6a253e49288aa71fcfc362af46": {
            "title": "to-92-3_l4.9-w3.7-p1.27-l",
            "display_title": "TO-92-3_L4.9-W3.7-P1.27-L",
            "description": "",
            "source": "",
            "version": 0,
            "created_at": "2023-01-03 12:50:42",
            "updated_at": "2023-01-03 20:50:42",
            "ticket": 1,
            "docType": 4,
            "createTime": 1672750242,
            "updateTime": 0,
            "project_uuid": "2022年第十三届立创EDA出品模拟题一",
            "custom_tags": "",
            "creator": {
                "uuid": null
            },
            "tags": {
                "parent_tag": [],
                "child_tag": []
            },
            "isProjectLibs": false
        }
    }
}