{
    "footprints": {
        "6b4aeb6823d34dee8a6fecde8972a27d": {
            "title": "bat-smd_cr1220-2",
            "display_title": "BAT-SMD_CR1220-2",
            "description": "",
            "source": "",
            "version": 0,
            "created_at": "2023-02-01 06:38:33",
            "updated_at": "2023-02-01 14:38:33",
            "ticket": 1,
            "docType": 4,
            "createTime": 1675233513,
            "updateTime": 0,
            "project_uuid": "2022-SS-ZT-2",
            "custom_tags": "",
            "creator": {
                "uuid": null
            },
            "tags": {
                "parent_tag": [],
                "child_tag": []
            },
            "isProjectLibs": false
        },
        "47b78c93c5d04acda87cae00b0b7a3a5": {
            "title": "c0805",
            "display_title": "C0805",
            "description": "",
            "source": "",
            "version": 0,
            "created_at": "2023-02-01 06:38:33",
            "updated_at": "2023-02-01 14:38:33",
            "ticket": 1,
            "docType": 4,
            "createTime": 1675233513,
            "updateTime": 0,
            "project_uuid": "2022-SS-ZT-2",
            "custom_tags": "",
            "creator": {
                "uuid": null
            },
            "tags": {
                "parent_tag": [],
                "child_tag": []
            },
            "isProjectLibs": false
        },
        "73ad1aad4c334441b4aefa96cb78d5f0": {
            "title": "cap-d5.0×h5.5",
            "display_title": "CAP-D5.0×H5.5",
            "description": "",
            "source": "",
            "version": 0,
            "created_at": "2023-02-01 06:38:33",
            "updated_at": "2023-02-01 14:38:33",
            "ticket": 1,
            "docType": 4,
            "createTime": 1675233513,
            "updateTime": 0,
            "project_uuid": "2022-SS-ZT-2",
            "custom_tags": "",
            "creator": {
                "uuid": null
            },
            "tags": {
                "parent_tag": [],
                "child_tag": []
            },
            "isProjectLibs": false
        },
        "0116127fa7034905965c700e7caa4ca6": {
            "title": "conn-th_2p-p5.08",
            "display_title": "CONN-TH_2P-P5.08",
            "description": "",
            "source": "",
            "version": 0,
            "created_at": "2023-02-01 06:38:33",
            "updated_at": "2023-02-01 14:38:33",
            "ticket": 1,
            "docType": 4,
            "createTime": 1675233513,
            "updateTime": 0,
            "project_uuid": "2022-SS-ZT-2",
            "custom_tags": "",
            "creator": {
                "uuid": null
            },
            "tags": {
                "parent_tag": [],
                "child_tag": []
            },
            "isProjectLibs": false
        },
        "2a003f56ca0d41988966e73d7a402aef": {
            "title": "dc-in-th_dc005",
            "display_title": "DC-IN-TH_DC005",
            "description": "",
            "source": "",
            "version": 0,
            "created_at": "2023-02-01 06:38:33",
            "updated_at": "2023-02-01 14:38:33",
            "ticket": 1,
            "docType": 4,
            "createTime": 1675233513,
            "updateTime": 0,
            "project_uuid": "2022-SS-ZT-2",
            "custom_tags": "",
            "creator": {
                "uuid": null
            },
            "tags": {
                "parent_tag": [],
                "child_tag": []
            },
            "isProjectLibs": false
        },
        "d58d0c86f287410c8035eb9f32fa8776": {
            "title": "do-35_bd2.0-l4.2-p8.20-d0.5-rd",
            "display_title": "DO-35_BD2.0-L4.2-P8.20-D0.5-RD",
            "description": "",
            "source": "",
            "version": 0,
            "created_at": "2023-02-01 06:38:33",
            "updated_at": "2023-02-01 14:38:33",
            "ticket": 1,
            "docType": 4,
            "createTime": 1675233513,
            "updateTime": 0,
            "project_uuid": "2022-SS-ZT-2",
            "custom_tags": "",
            "creator": {
                "uuid": null
            },
            "tags": {
                "parent_tag": [],
                "child_tag": []
            },
            "isProjectLibs": false
        },
        "9f1dc76a08964c71abfd07e6e9cda66b": {
            "title": "hdr-f-2.54_1x4",
            "display_title": "HDR-F-2.54_1X4",
            "description": "",
            "source": "",
            "version": 0,
            "created_at": "2023-02-01 06:38:33",
            "updated_at": "2023-02-01 14:38:33",
            "ticket": 1,
            "docType": 4,
            "createTime": 1675233513,
            "updateTime": 0,
            "project_uuid": "2022-SS-ZT-2",
            "custom_tags": "",
            "creator": {
                "uuid": null
            },
            "tags": {
                "parent_tag": [],
                "child_tag": []
            },
            "isProjectLibs": false
        },
        "e6ec814d01be4171aa52d46d32a19082": {
            "title": "jumper2",
            "display_title": "JUMPER2",
            "description": "",
            "source": "",
            "version": 0,
            "created_at": "2023-02-01 06:38:33",
            "updated_at": "2023-02-01 14:38:33",
            "ticket": 1,
            "docType": 4,
            "createTime": 1675233513,
            "updateTime": 0,
            "project_uuid": "2022-SS-ZT-2",
            "custom_tags": "",
            "creator": {
                "uuid": null
            },
            "tags": {
                "parent_tag": [],
                "child_tag": []
            },
            "isProjectLibs": false
        },
        "ae9f7ac1492041bea65aa33769246c29": {
            "title": "key-smd_4p-l6.0-w6.0-p3.90-ls10.0",
            "display_title": "KEY-SMD_4P-L6.0-W6.0-P3.90-LS10.0",
            "description": "",
            "source": "",
            "version": 0,
            "created_at": "2023-02-01 06:38:33",
            "updated_at": "2023-02-01 14:38:33",
            "ticket": 1,
            "docType": 4,
            "createTime": 1675233513,
            "updateTime": 0,
            "project_uuid": "2022-SS-ZT-2",
            "custom_tags": "",
            "creator": {
                "uuid": null
            },
            "tags": {
                "parent_tag": [],
                "child_tag": []
            },
            "isProjectLibs": false
        },
        "2f329c1ece574f95bb3b597cf270edf1": {
            "title": "led-seg-th_fj5461ah",
            "display_title": "LED-SEG-TH_FJ5461AH",
            "description": "",
            "source": "",
            "version": 0,
            "created_at": "2023-02-01 06:38:33",
            "updated_at": "2023-02-01 14:38:33",
            "ticket": 1,
            "docType": 4,
            "createTime": 1675233513,
            "updateTime": 0,
            "project_uuid": "2022-SS-ZT-2",
            "custom_tags": "",
            "creator": {
                "uuid": null
            },
            "tags": {
                "parent_tag": [],
                "child_tag": []
            },
            "isProjectLibs": false
        },
        "ad2a68aa40c64687b813df508bb856ed": {
            "title": "led-th_bd3.0_blue",
            "display_title": "LED-TH_BD3.0_BLUE",
            "description": "",
            "source": "",
            "version": 0,
            "created_at": "2023-02-01 06:38:33",
            "updated_at": "2023-02-01 14:38:33",
            "ticket": 1,
            "docType": 4,
            "createTime": 1675233513,
            "updateTime": 0,
            "project_uuid": "2022-SS-ZT-2",
            "custom_tags": "",
            "creator": {
                "uuid": null
            },
            "tags": {
                "parent_tag": [],
                "child_tag": []
            },
            "isProjectLibs": false
        },
        "0fd17df9ac804f57bb288ef0b1fd8c26": {
            "title": "led-th_bd3.0_green",
            "display_title": "LED-TH_BD3.0_GREEN",
            "description": "",
            "source": "",
            "version": 0,
            "created_at": "2023-02-01 06:38:33",
            "updated_at": "2023-02-01 14:38:33",
            "ticket": 1,
            "docType": 4,
            "createTime": 1675233513,
            "updateTime": 0,
            "project_uuid": "2022-SS-ZT-2",
            "custom_tags": "",
            "creator": {
                "uuid": null
            },
            "tags": {
                "parent_tag": [],
                "child_tag": []
            },
            "isProjectLibs": false
        },
        "10978422d2fb4bd9b94a1e614a928bbc": {
            "title": "led-th_bd3.0_red",
            "display_title": "LED-TH_BD3.0_RED",
            "description": "",
            "source": "",
            "version": 0,
            "created_at": "2023-02-01 06:38:33",
            "updated_at": "2023-02-01 14:38:33",
            "ticket": 1,
            "docType": 4,
            "createTime": 1675233513,
            "updateTime": 0,
            "project_uuid": "2022-SS-ZT-2",
            "custom_tags": "",
            "creator": {
                "uuid": null
            },
            "tags": {
                "parent_tag": [],
                "child_tag": []
            },
            "isProjectLibs": false
        },
        "b192af1f7e524eaf9c15d3fe368caa52": {
            "title": "osc-49u-1",
            "display_title": "OSC-49U-1",
            "description": "",
            "source": "",
            "version": 0,
            "created_at": "2023-02-01 06:38:33",
            "updated_at": "2023-02-01 14:38:33",
            "ticket": 1,
            "docType": 4,
            "createTime": 1675233513,
            "updateTime": 0,
            "project_uuid": "2022-SS-ZT-2",
            "custom_tags": "",
            "creator": {
                "uuid": null
            },
            "tags": {
                "parent_tag": [],
                "child_tag": []
            },
            "isProjectLibs": false
        },
        "e5ee6cd385024605b371da8ba6f92c8f": {
            "title": "r0805",
            "display_title": "R0805",
            "description": "",
            "source": "",
            "version": 0,
            "created_at": "2023-02-01 06:38:33",
            "updated_at": "2023-02-01 14:38:33",
            "ticket": 1,
            "docType": 4,
            "createTime": 1675233513,
            "updateTime": 0,
            "project_uuid": "2022-SS-ZT-2",
            "custom_tags": "",
            "creator": {
                "uuid": null
            },
            "tags": {
                "parent_tag": [],
                "child_tag": []
            },
            "isProjectLibs": false
        },
        "949a160f85d94e30a7bda33ddb6c248a": {
            "title": "soic-8_l4.9-w3.9-p1.27-ls6.0-bl",
            "display_title": "SOIC-8_L4.9-W3.9-P1.27-LS6.0-BL",
            "description": "",
            "source": "",
            "version": 0,
            "created_at": "2023-02-01 06:38:33",
            "updated_at": "2023-02-01 14:38:33",
            "ticket": 1,
            "docType": 4,
            "createTime": 1675233513,
            "updateTime": 0,
            "project_uuid": "2022-SS-ZT-2",
            "custom_tags": "",
            "creator": {
                "uuid": null
            },
            "tags": {
                "parent_tag": [],
                "child_tag": []
            },
            "isProjectLibs": false
        },
        "d40831c4c89a40aeb180916ea4f2060a": {
            "title": "soic-8_l5.0-w4.0-p1.27-ls6.0-bl",
            "display_title": "SOIC-8_L5.0-W4.0-P1.27-LS6.0-BL",
            "description": "",
            "source": "",
            "version": 0,
            "created_at": "2023-02-01 06:38:33",
            "updated_at": "2023-02-01 14:38:33",
            "ticket": 1,
            "docType": 4,
            "createTime": 1675233513,
            "updateTime": 0,
            "project_uuid": "2022-SS-ZT-2",
            "custom_tags": "",
            "creator": {
                "uuid": null
            },
            "tags": {
                "parent_tag": [],
                "child_tag": []
            },
            "isProjectLibs": false
        },
        "f658f42eaec041bcbf480d24fd4246fa": {
            "title": "sop-28_l17.9-w7.5-p1.27-ls10.3-bl",
            "display_title": "SOP-28_L17.9-W7.5-P1.27-LS10.3-BL",
            "description": "",
            "source": "",
            "version": 0,
            "created_at": "2023-02-01 06:38:33",
            "updated_at": "2023-02-01 14:38:33",
            "ticket": 1,
            "docType": 4,
            "createTime": 1675233513,
            "updateTime": 0,
            "project_uuid": "2022-SS-ZT-2",
            "custom_tags": "",
            "creator": {
                "uuid": null
            },
            "tags": {
                "parent_tag": [],
                "child_tag": []
            },
            "isProjectLibs": false
        },
        "0dc3f6ba66954131a34bd25ba90f676d": {
            "title": "sop-8_l5.3-w5.3-p1.27-ls8.0-bl",
            "display_title": "SOP-8_L5.3-W5.3-P1.27-LS8.0-BL",
            "description": "",
            "source": "",
            "version": 0,
            "created_at": "2023-02-01 06:38:33",
            "updated_at": "2023-02-01 14:38:33",
            "ticket": 1,
            "docType": 4,
            "createTime": 1675233513,
            "updateTime": 0,
            "project_uuid": "2022-SS-ZT-2",
            "custom_tags": "",
            "creator": {
                "uuid": null
            },
            "tags": {
                "parent_tag": [],
                "child_tag": []
            },
            "isProjectLibs": false
        },
        "31479383b309468a952a41e40d508405": {
            "title": "sot-23-3_l2.9-w1.6-p1.90-ls2.8-tr-cw",
            "display_title": "SOT-23-3_L2.9-W1.6-P1.90-LS2.8-TR-CW",
            "description": "",
            "source": "",
            "version": 0,
            "created_at": "2023-02-01 06:38:33",
            "updated_at": "2023-02-01 14:38:33",
            "ticket": 1,
            "docType": 4,
            "createTime": 1675233513,
            "updateTime": 0,
            "project_uuid": "2022-SS-ZT-2",
            "custom_tags": "",
            "creator": {
                "uuid": null
            },
            "tags": {
                "parent_tag": [],
                "child_tag": []
            },
            "isProjectLibs": false
        },
        "cdc587015c04443bbbb108471a9fa005": {
            "title": "sot-25_l2.9-w1.6-p0.95-ls2.8-bl",
            "display_title": "SOT-25_L2.9-W1.6-P0.95-LS2.8-BL",
            "description": "",
            "source": "",
            "version": 0,
            "created_at": "2023-02-01 06:38:33",
            "updated_at": "2023-02-01 14:38:33",
            "ticket": 1,
            "docType": 4,
            "createTime": 1675233513,
            "updateTime": 0,
            "project_uuid": "2022-SS-ZT-2",
            "custom_tags": "",
            "creator": {
                "uuid": null
            },
            "tags": {
                "parent_tag": [],
                "child_tag": []
            },
            "isProjectLibs": false
        },
        "1661d9901ccc463ba37d3d7b923265da": {
            "title": "xtal-dt38",
            "display_title": "XTAL-DT38",
            "description": "",
            "source": "",
            "version": 0,
            "created_at": "2023-02-01 06:38:33",
            "updated_at": "2023-02-01 14:38:33",
            "ticket": 1,
            "docType": 4,
            "createTime": 1675233513,
            "updateTime": 0,
            "project_uuid": "2022-SS-ZT-2",
            "custom_tags": "",
            "creator": {
                "uuid": null
            },
            "tags": {
                "parent_tag": [],
                "child_tag": []
            },
            "isProjectLibs": false
        }
    }
}